{
  "Shallow": {
    "tr_perf": 2.335416078567505,
    "ts_perf": 2.3356813841228243,
    "mean_tr_time": 0.3723478280007839,
    "mean_tr_memory_usage": 9617408.0,
    "tr_accuracy": 0.15418333333333334,
    "ts_accuracy": 0.1558
  },
  "BP Surrogate": {
    "tr_perf": 0.45294530538818506,
    "ts_perf": 0.4612413399581668,
    "mean_tr_time": 1.1078353896737099,
    "mean_tr_memory_usage": 21261312.0,
    "tr_accuracy": 0.7965166666666667,
    "ts_accuracy": 0.8495
  },
  "SP Surrogate": {
    "tr_perf": 2.3013395599172086,
    "ts_perf": 2.301339137403271,
    "mean_tr_time": 1.6486289538443089,
    "mean_tr_memory_usage": 20399104.0,
    "tr_accuracy": 0.11236666666666667,
    "ts_accuracy": 0.1135
  },
  "SP Voltage": {
    "tr_perf": 2.3004554313949392,
    "ts_perf": 2.300440607191641,
    "mean_tr_time": 0.47108107432723045,
    "mean_tr_memory_usage": 20334592.0,
    "tr_accuracy": 0.11236666666666667,
    "ts_accuracy": 0.1135
  }
}