{
  "Shallow": {
    "tr_perf": 2.4196373661862145,
    "ts_perf": 2.3168315646014634,
    "mean_tr_time": 1.09117940813303,
    "mean_tr_memory_usage": 120587264.0,
    "tr_accuracy": 0.08421666666666666,
    "ts_accuracy": 0.0878
  },
  "BP": {
    "tr_perf": 3.905577844456781e-06,
    "ts_perf": 1.1708375207985503e-06,
    "mean_tr_time": 3.492072280496359,
    "mean_tr_memory_usage": 430153728.0,
    "tr_accuracy": 0.8844666666666666,
    "ts_accuracy": 1.0
  },
  "SP": {
    "tr_perf": 2.3030327905582477,
    "ts_perf": 2.3030327905582477,
    "mean_tr_time": 9.829000279307365,
    "mean_tr_memory_usage": 332731392.0,
    "tr_accuracy": 0.1,
    "ts_accuracy": 0.1
  }
}