{
  "Shallow": {
    "tr_perf": 2.341199705872355,
    "ts_perf": 2.300281186647053,
    "mean_tr_time": 1.091708179563284,
    "mean_tr_memory_usage": 111412224.0,
    "tr_accuracy": 0.13195,
    "ts_accuracy": 0.1327
  },
  "BP": {
    "tr_perf": 3.204527723638317e-06,
    "ts_perf": 7.689187798318984e-07,
    "mean_tr_time": 3.48257864639163,
    "mean_tr_memory_usage": 430022656.0,
    "tr_accuracy": 0.97355,
    "ts_accuracy": 1.0
  },
  "SP": {
    "tr_perf": 2.3014534093156644,
    "ts_perf": 2.3014534093156644,
    "mean_tr_time": 9.757800657302141,
    "mean_tr_memory_usage": 332821504.0,
    "tr_accuracy": 0.11236666666666667,
    "ts_accuracy": 0.1135
  }
}